necesidad,sinonimo
3, encargo
3, prestacion
3, trabajo
3, asistencia
3, actuacion
3, destino
3, funcion
3, mision
3, oficio
3, ocupacion
3, favor
3, ayuda
3, auxilio
3, servidumbre
3, dependencia
3, personal
3, criados
3, empleados
4, desigual
4, discontinuo
4, variable
4, anormal
4, ilicito
4, deshonesto
4, inmoral
4, extrano
4, inusual
4, raro
4, voluble
4, accidentado
4, acompasado
4, anomalo
4, arriscado
4, asimetrico
4, atipico
4, canonico
4, caprichoso
4, ilegal
4, deforme
4, descompasado
4, disforme
4, entrecortado
4, episodico
4, heteroclito
4, heterodoxo
4, imperfecto
4, informe
4, intermitente
4, isocrono
4, metodico
4, normativo
4, ondulado
4, recortado
4, regular
5, deterioro
5, estropicio
5, perjuicio
5, destruccion
5, damnificacion
5, detrimento
5, menoscabo
5, trastorno
5, mal
5, averia
5, percance
5, rotura
5, golpe
5, herida
5, lesion
5, afeccion
5, contusion
5, dolencia
5, laceracion
7, combate
7, disputa
7, lucha
7, pelea
7, pugna
7, enfrentamiento
7, colision
7, choque
7, lid
7, apuro
7, aprieto
7, compromiso
7, dificultad
7, problema
7, ahogo
7, brete
9, anormalidad
9, irregularidad
9, rareza
9, singularidad
9, deformidad
9, aberracion
2,suciedad
2,polucion
2,contagio
2,corrupcion
2,infeccion
2,inoculacion
2,escuido
2,desaseo
2,porqueria
2,inmundicia
2,mugre
2,guarreria
2,asquerosidad
2,basura
2,cochinada
2,contaminacion
2,cochambre
2,pringue
2,barro
2,lodo
2,grasa
2,mancha
2,churrete
2,mierda
2,excremento
2,emponzonar
2,intoxicar
2,inficionar
2,contaminar
2,infectar
2,transmitir
2,contagiar
2,adulterar
2,corromper
2,pervertir
2,viciar
2,danar
2,amargarse
2,resentirse
2,mortificarse
2,afligirse
3,sin encargo
3,sin prestacion
3,sin trabajo
3,sin asistencia
3,sin actuacion
3,sin destino
3,sin funcion
3,sin mision
3,sin oficio
3,sin ocupacion
3,sin favor
3,sin ayuda
3,sin auxilio
3,sin servidumbre
3,sin dependencia
3,sin personal
3,sin criados
3,sin empleados
3,no encargo
3,no prestacion
3,no trabajo
3,no asistencia
3,no actuacion
3,no destino
3,no funcion
3,no mision
3,no oficio
3,no ocupacion
3,no favor
3,no ayuda
3,no auxilio
3,no servidumbre
3,no dependencia
3,no personal
3,no criados
3,no empleados
9, desviacion
3,sin
3,sin agua
3,no hay
3,no hay agua
